Title,Link,Timestamp
Why ether’s high price could be at risk despite strong supply and demand outlook,https://www.cnbc.com/2024/03/17/why-ethers-high-price-could-be-at-risk-despite-strong-supply-and-demand-outlook.html?&qsearchterm=ETH,3/17/2024 7:35:08 AM ET
"What investors need to know about ‘Dencun,’ Ethereum’s next big tech upgrade",https://www.cnbc.com/2024/03/12/what-investors-need-to-know-about-dencun-ethereums-next-big-tech-upgrade.html?&qsearchterm=ETH,3/12/2024 4:42:11 PM ET
"Ether turns negative, bitcoin slides after hitting a new record",https://www.cnbc.com/2024/03/05/crypto-market-today.html?&qsearchterm=ETH,3/5/2024 11:01:41 AM ET
"Ether is poised for an ETF approval in May, but the crypto’s price action may ...",https://www.cnbc.com/2024/02/10/ether-is-poised-for-an-etf-approval-in-may-but-the-cryptos-price-action-may-be-subdued.html?&qsearchterm=ETH,2/10/2024 9:15:39 AM ET
Ether takes center stage as bitcoin heads into one of its strongest months,https://www.cnbc.com/2024/01/31/ether-takes-center-stage-as-bitcoin-finds-footing-heading-into-one-of-strongest-months.html?&qsearchterm=ETH,1/31/2024 3:41:54 PM ET
Bitcoin turns positive for the week as investor worries about GBTC sell pressure subside,https://www.cnbc.com/2024/01/26/bitcoin-tries-for-a-winning-week-as-investor-worries-about-gbtc-sell-pressure-subside.html?&qsearchterm=ETH,1/26/2024 9:58:01 AM ET
"Wolfe says it’s time to take some profit in bitcoin, sees further consolidation on the ...",https://www.cnbc.com/2024/01/18/wolfe-says-its-time-to-take-some-profit-in-bitcoin-sees-further-consolidation-on-the-horizon.html?&qsearchterm=ETH,1/18/2024 12:01:03 PM ET
"Bitcoin losses accelerate following ETF launch, ether posts a 15% gain on week",https://www.cnbc.com/2024/01/12/bitcoin-losses-accelerate-following-etf-launch-while-ether-heads-for-an-18percent-gain-on-week.html?&qsearchterm=ETH,1/12/2024 1:00:04 PM ET
BlackRock’s Larry Fink says bitcoin ETFs are just the first step in the technological revolution ...,https://www.cnbc.com/2024/01/12/blackrocks-larry-fink-says-bitcoin-etfs-are-just-the-first-step-in-the-technological-revolution-of-finance.html?&qsearchterm=ETH,1/12/2024 11:44:56 AM ET
Ether prices spike on hopes of an ETF — but the SEC signals that’s less ...,https://www.cnbc.com/2024/01/11/ether-price-spikes-on-hope-of-eth-etf-but-will-the-sec-approve-it.html?&qsearchterm=ETH,1/11/2024 9:17:43 AM ET
"Bitcoin rallies to 2-year high of $49,000 then fizzles as crypto ETFs debut",https://www.cnbc.com/2024/01/10/bitcoin-falls-ether-surges-after-sec-greenlights-launch-of-us-bitcoin-etfs.html?&qsearchterm=ETH,1/10/2024 5:57:32 PM ET
"Bitcoin falls ahead of ETF decision, ether surges 12% to highest level since May 2022",https://www.cnbc.com/2024/01/10/bitcoin-falls-as-investors-await-etf-decision-ether-surges-more-than-8percent-.html?&qsearchterm=ETH,1/10/2024 11:50:43 AM ET
"These are the boldest bitcoin predictions for 2024 — one calls for a 1,000% rally ...",https://www.cnbc.com/2024/01/01/bitcoin-btc-price-predicitions-for-2024.html?&qsearchterm=ETH,12/31/2023 9:12:27 PM ET
Ether rallies 6% in catch-up trade as investors position for January,https://www.cnbc.com/2023/12/27/ether-rallies-6percent-in-catchup-trade-as-investors-position-for-january.html?&qsearchterm=ETH,12/27/2023 3:27:53 PM ET
"Tuesday’s analyst calls: Solar upgrades, Jefferies highlights pet stock with big upside",https://www.cnbc.com/2023/12/19/analyst-calls-all-the-market-moving-chatter-from-wall-street-tuesday-morning.html?&qsearchterm=ETH,12/19/2023 6:37:04 AM ET
Crypto prices fall as Binance chief pleads guilty to DOJ charges,https://www.cnbc.com/2023/11/21/cryptocurrencies-dip-as-investors-digest-key-updates-from-industry-heavyweights-binance-kraken.html?&qsearchterm=ETH,11/21/2023 2:03:49 PM ET
Cathie Wood says the Grayscale Bitcoin Trust will lose this edge when a bitcoin ETF ...,https://www.cnbc.com/2023/11/15/cathie-wood-says-the-grayscale-bitcoin-trust-will-lose-this-edge-when-a-bitcoin-etf-is-approved.html?&qsearchterm=ETH,11/15/2023 3:59:35 PM ET
Altcoins are finally joining the current bitcoin rally as crypto investors turn risk-on,https://www.cnbc.com/2023/11/11/altcoins-are-finally-joining-the-current-bitcoin-rally-as-crypto-investors-turn-risk-on.html?&qsearchterm=ETH,11/11/2023 7:41:31 AM ET
"Ether tops $2,000 for the first time since April, bitcoin reaches an 18-month high",https://www.cnbc.com/2023/11/09/bitcoin-tops-37000-for-the-first-time-in-18-months-as-optimism-about-a-forthcoming-etf-builds-.html?&qsearchterm=ETH,11/9/2023 9:25:52 AM ET
Spot bitcoin and ETH ETFs would be ‘win’ for investors: Ether Capital CEO,https://www.cnbc.com/video/2023/11/02/spot-bitcoin-eth-etfs-would-be-win-investors-ether-capital-ceo.html?&qsearchterm=ETH,11/2/2023 3:29:26 PM ET
"Ether to soar to $8,000 in 3 years and eventually may hit $35,000, predicts Standard ...",https://www.cnbc.com/2023/10/11/ether-may-eventually-hit-35000-predicts-standard-chartered.html?&qsearchterm=ETH,10/11/2023 2:27:58 PM ET
Ether heads for a losing week as ETF launch fails to ease regulatory overhang on ...,https://www.cnbc.com/2023/10/06/ether-etf-launch-fails-to-ease-regulatory-overhang-on-crypto-market.html?&qsearchterm=ETH,10/6/2023 2:29:36 PM ET
Grayscale files to convert its Ethereum Trust to a spot ETH ETF: CNBC Crypto World,https://www.cnbc.com/video/2023/10/02/grayscale-files-to-convert-its-ethereum-trust-to-a-spot-eth-etf-cnbc-crypto-world.html?&qsearchterm=ETH,10/2/2023 3:00:02 PM ET
Bitcoin has limited upside in the fourth quarter as the possibility of higher rates casts ...,https://www.cnbc.com/2023/09/29/quarterly-investment-guide-4q-2023-bitcoin-outlook.html?&qsearchterm=ETH,9/29/2023 9:50:36 AM ET
It’s been one year since the Ethereum merge. Here’s how the network is doing on ...,https://www.cnbc.com/2023/09/17/its-been-one-year-since-the-ethereum-merge-heres-how-the-network-is-doing-on-its-goals.html?&qsearchterm=ETH,9/17/2023 7:45:44 AM ET
"Bitcoin and crypto are about to embark on a ‘much stronger fundamental’ rally, Bernstein predicts",https://www.cnbc.com/2023/09/05/bitcoin-and-crypto-are-about-to-embark-on-a-much-stronger-fundamental-rally-bernstein-predicts.html?&qsearchterm=ETH,9/5/2023 12:27:25 PM ET
"Bitstamp to halt ETH staking service in the U.S., citing regulatory environment: CNBC Crypto World",https://www.cnbc.com/video/2023/08/24/bitstamp-halt-eth-staking-service-us-regulatory-environment-crypto-world.html?&qsearchterm=ETH,8/24/2023 3:00:02 PM ET
"Elon Musk tweets and Twitter bots drove up price of FTX-listed altcoins, research finds",https://www.cnbc.com/2023/08/02/elon-musk-tweets-twitter-bots-boosted-ftx-listed-crypto-researchers.html?&qsearchterm=ETH,8/2/2023 3:00:01 PM ET
"Here are Wednesday’s biggest analyst calls: Apple, Coinbase, Meta, Advanced Micro Devices, SoFi and more",https://www.cnbc.com/2023/08/02/wednesdays-wall-street-analyst-calls-like-apple.html?&qsearchterm=ETH,8/2/2023 8:20:42 AM ET
EtherFi CEO explains platform’s NFT collection backed by staked ETH,https://www.cnbc.com/video/2023/07/14/etherfi-ceo-nft-collection-staked-eth.html?&qsearchterm=ETH,7/14/2023 3:15:01 PM ET
"Former Celsius CEO freed on $40 million bond, and altcoins rise after XRP ruling: CNBC ...",https://www.cnbc.com/video/2023/07/14/celsius-freed-40-million-bond-altcoins-rise-xrp-ruling-crypto-world.html?&qsearchterm=ETH,7/14/2023 3:00:01 PM ET
Justin Bieber’s Bored Ape NFT was valued at $1.3 million in 2022—now it’s only worth ...,https://www.cnbc.com/2023/07/07/justin-biebers-bored-ape-nft-has-lost-95-percent-of-its-value-since-2022.html?&qsearchterm=ETH,7/7/2023 4:04:33 PM ET
"Here are Monday’s biggest analyst calls: Apple, Tesla, Meta, Micron, Bowlero, Nike, Disney and more",https://www.cnbc.com/2023/06/05/mondays-biggest-calls-on-wall-street.html?&qsearchterm=ETH,6/5/2023 8:40:55 AM ET
It’s been a month since the big Shapella upgrade. Here’s how Ethereum has changed since ...,https://www.cnbc.com/2023/05/16/how-ethereum-has-changed-since-its-big-shapella-upgrade-a-month-ago.html?&qsearchterm=ETH,5/16/2023 2:09:12 PM ET
"Bitcoin could rally 30% in the next month after sleepy start to May trading, says ...",https://www.cnbc.com/2023/05/05/bitcoin-could-rally-30percent-in-the-next-month-says-canaccord-genuity.html?&qsearchterm=ETH,5/5/2023 3:14:39 PM ET
Ether rallies 5% as meme mania tries to reenter the crypto market,https://www.cnbc.com/2023/05/05/ether-rallies-more-than-6percent-as-meme-mania-reenters-the-crypto-market.html?&qsearchterm=ETH,5/5/2023 2:46:03 PM ET
That simple ‘hi’ text from a stranger could be the start of a scam that ...,https://www.cnbc.com/2023/05/02/pig-butchering-scammers-make-billions-convincing-victims-of-love.html?&qsearchterm=ETH,5/2/2023 7:00:01 AM ET
Creator of Nansen’s Shanghai dashboard breaks down the data following the upgrade,https://www.cnbc.com/video/2023/04/19/creator-of-nansens-shanghai-dashboard-breaks-down-the-data-following-the-upgrade.html?&qsearchterm=ETH,4/19/2023 11:05:13 AM ET
"Crypto trading could take a breather after ‘Shanghai’ rally, as investors refocus on banks and ...",https://www.cnbc.com/2023/04/16/crypto-could-take-a-breather-as-investors-refocus-on-banks-economy.html?&qsearchterm=ETH,4/16/2023 7:24:17 AM ET
"Ether rallies up to 12% in two days, briefly topping $2,100 after tech upgrade",https://www.cnbc.com/2023/04/14/ether-rallies-12percent-in-two-days-topping-2100-after-tech-upgrade.html?&qsearchterm=ETH,4/14/2023 7:30:56 AM ET
Ether is poised to climb higher with the uncertainty of ‘Shanghai’ behind investors,https://www.cnbc.com/2023/04/13/ether-poised-to-climb-with-shanghai-uncertainty-behind-investors.html?&qsearchterm=ETH,4/13/2023 3:51:29 PM ET
"Ether rises above $2,000 after the Shanghai upgrade, bringing year-to-date gain to more than 75%",https://www.cnbc.com/2023/04/13/ether-rises-after-the-shanghai-upgrade-bringing-year-to-date-gain-to-more-than-65percent.html?&qsearchterm=ETH,4/13/2023 6:27:59 AM ET
"Where bitcoin goes next after hitting $30,000, according to chart analysts",https://www.cnbc.com/2023/04/11/where-bitcoin-goes-after-hitting-30000-according-to-chart-analysts.html?&qsearchterm=ETH,4/11/2023 1:59:25 PM ET
"Bitcoin tops $30,000 for the first time since June ahead of key inflation data; ether ...",https://www.cnbc.com/2023/04/11/bitcoin-tops-30000-for-the-first-time-since-june.html?&qsearchterm=ETH,4/10/2023 10:35:46 PM ET
Ether has been climbing ahead of its planned ‘Shanghai’ tech upgrade. Here’s what the event ...,https://www.cnbc.com/2023/04/09/what-crypto-investors-need-to-know-about-ethereums-shanghai-upgrade.html?&qsearchterm=ETH,4/9/2023 8:41:17 AM ET
Ether is rallying ahead of major upgrade that will let holders more easily access their ...,https://www.cnbc.com/2023/04/05/ether-reaches-nine-month-high-ahead-of-shapella-upgrade.html?&qsearchterm=ETH,4/5/2023 4:43:04 PM ET
Ether’s strong first-quarter performance was upstaged by bitcoin. Here’s what comes next,https://www.cnbc.com/2023/04/03/ether-outlook-whats-next-after-its-50percent-gain-in-the-first-quarter.html?&qsearchterm=ETH,4/3/2023 7:56:14 PM ET
"An NFT collector accidentally destroyed a $129,000 CryptoPunk: ’This is truly a devastating mistake for ...",https://www.cnbc.com/2023/03/30/nft-collector-accidentally-destroyed-a-129k-cryptopunk.html?&qsearchterm=ETH,3/30/2023 9:00:01 AM ET
"Coinbase could tumble more than 45% as prolonged SEC battle unfolds, TD Cowen says",https://www.cnbc.com/2023/03/24/coinbase-to-tumble-more-than-45percent-on-prolonged-sec-battle-td-cowen-says.html?&qsearchterm=ETH,3/24/2023 10:39:56 AM ET
How crypto prices may react to the latest Fed decision,https://www.cnbc.com/2023/03/22/how-crypto-prices-may-react-to-the-latest-fed-decision.html?&qsearchterm=ETH,3/22/2023 11:45:51 AM ET
"As NFT trading surges, a ‘golden key’ prize from Yuga Labs’ limited-time game sold for ...",https://www.cnbc.com/2023/03/03/yuga-labs-golden-key-nft-sold-for-1point6-million-dollars.html?&qsearchterm=ETH,3/3/2023 6:20:40 PM ET
"Bitcoin, ether on track for a positive February despite mid-month drop and fading 2023 risk ...",https://www.cnbc.com/2023/02/28/bitcoin-ether-on-track-for-a-positive-february-despite-fading-2023-risk-rally.html?&qsearchterm=ETH,2/28/2023 4:30:55 PM ET
Ether losses build as crypto investors weigh the future of staking after Kraken exchange’s SEC ...,https://www.cnbc.com/2023/02/10/ether-losses-build-as-crypto-investors-weigh-the-future-of-staking-.html?&qsearchterm=ETH,2/10/2023 10:51:43 AM ET
Coinbase CEO Brian Armstrong is sounding the alarm on a potential ‘staking’ crackdown. Here’s what ...,https://www.cnbc.com/2023/02/09/coinbase-ceo-brian-armstrong-sounds-alarm-on-a-potential-staking-crackdown-.html?&qsearchterm=ETH,2/9/2023 3:45:17 PM ET
Swiss company that counts Microsoft as a customer says it’s removed CO2 from the air ...,https://www.cnbc.com/2023/01/12/swiss-company-climeworks-has-removed-co2-from-air-put-it-underground.html?&qsearchterm=ETH,1/12/2023 7:07:36 AM ET
Shaq distances himself from crypto and FTX collapse: ‘I was just a paid spokesperson’,https://www.cnbc.com/2022/12/15/shaq-on-crypto-ftx-post-collapse-i-was-just-a-paid-spokesperson.html?&qsearchterm=ETH,12/15/2022 12:16:22 PM ET
Celsius clients with collateral stuck on failed crypto platform turn to bankruptcy process for relief,https://www.cnbc.com/2022/12/03/celsius-users-with-crypto-collateral-stuck-turn-to-bankruptcy-process.html?&qsearchterm=ETH,12/3/2022 9:00:01 AM ET
Cryptocurrencies posted strong gains in October. Here’s why investors are optimistic on the rest of ...,https://www.cnbc.com/2022/11/03/crypto-posted-strong-gains-in-october-why-investors-are-optimistic-about-the-rest-of-the-year.html?&qsearchterm=ETH,11/3/2022 12:22:33 AM ET
"A month after the Ethereum merge, supply is finally declining as hoped but the price ...",https://www.cnbc.com/2022/10/21/a-month-after-the-ethereum-merge-supply-is-finally-declining-as-hoped-but-the-price-of-ether-remains-stuck.html?&qsearchterm=ETH,10/20/2022 11:37:27 PM ET
"Sell Coinbase as rising competition and macro pressures will hurt the stock, Wells Fargo says",https://www.cnbc.com/2022/09/29/wells-fargo-initiates-coverage-of-coinbase-with-an-underweight-rating.html?&qsearchterm=ETH,9/29/2022 6:01:53 AM ET
Ether is down almost 20% since the merge. Here’s what’s going on,https://www.cnbc.com/2022/09/23/ether-is-down-almost-20percent-since-the-merge-heres-whats-going-on.html?&qsearchterm=ETH,9/23/2022 3:15:24 PM ET
Celsius has a Hail Mary bankruptcy plan: Turn its debt into a new cryptocurrency,https://www.cnbc.com/2022/09/23/celsius-has-a-hail-mary-bankruptcy-plan-turn-its-debt-into-a-new-cryptocurrency-.html?&qsearchterm=ETH,9/23/2022 1:12:36 PM ET
Ether falls this week as ‘merge’ hype fades. The crypto outlook from here,https://www.cnbc.com/2022/09/16/ether-falls-this-week-as-merge-hype-fades-the-crypto-outlook-from-here.html?&qsearchterm=ETH,9/16/2022 3:24:58 PM ET
Ether falls after the smart contracts network completes long anticipated ‘merge’,https://www.cnbc.com/2022/09/15/ether-falls-after-the-smart-contracts-network-completes-long-anticipated-merge.html?&qsearchterm=ETH,9/15/2022 11:08:53 AM ET
The Ethereum ‘merge’ is almost here—how the historic upgrade will affect crypto investors,https://www.cnbc.com/2022/09/14/how-ethereum-merge-will-affect-crypto-investors.html?&qsearchterm=ETH,9/14/2022 5:08:21 PM ET
These common myths about Ethereum’s ‘Merge’ could trip up investors,https://www.cnbc.com/2022/09/10/these-common-myths-about-ethereums-merge-could-trip-up-investors.html?&qsearchterm=ETH,9/10/2022 9:02:49 AM ET
"Bill Murray raised nearly $200,000 worth of crypto for charity—a hacker stole it almost immediately",https://www.cnbc.com/2022/09/09/bill-murray-loses-nearly-200k-worth-of-crypto-to-hacker.html?&qsearchterm=ETH,9/9/2022 2:11:02 PM ET
Look beyond Barcelona. Here’s where locals travel in Spain,https://www.cnbc.com/2022/08/19/where-are-the-best-places-to-travel-in-spain-see-what-locals-say.html?&qsearchterm=ETH,8/18/2022 9:45:31 PM ET
"Bitcoin tops $25,000 for the first time since June before slipping",https://www.cnbc.com/2022/08/15/bitcoin-tops-25000-for-the-first-time-since-june-before-slipping.html?&qsearchterm=ETH,8/15/2022 6:47:17 AM ET
Bitcoin’s correlation to stocks has never been higher. When Morgan Stanley thinks its price will ...,https://www.cnbc.com/2022/08/09/bitcoins-correlation-to-stocks-has-never-been-higher-when-morgan-stanley-thinks-its-price-will-bottom.html?&qsearchterm=ETH,8/9/2022 3:38:03 PM ET
From milligrams to gigatons: Startup that sucks carbon dioxide from the air is building a ...,https://www.cnbc.com/2022/06/28/climeworks-carbon-dioxide-removal-company-building-iceland-plant.html?&qsearchterm=ETH,6/28/2022 12:45:02 PM ET
"What you need to know about staked ether, the token at the center of crypto’s ...",https://www.cnbc.com/2022/06/20/what-is-staked-ether-steth-and-why-is-it-causing-havoc-in-crypto.html?&qsearchterm=ETH,6/20/2022 4:08:54 AM ET
"Bitcoin came close to falling below $20,000 as investors continue to flee cryptocurrencies",https://www.cnbc.com/2022/06/15/bitcoin-plunges-toward-20000-as-crypto-meltdown-continues.html?&qsearchterm=ETH,6/15/2022 7:26:05 AM ET
"Bitcoin briefly dips below $30,000 as crypto selling resumes",https://www.cnbc.com/2022/06/07/bitcoin-drops-6percent-to-again-trade-below-30000-as-selloff-resumes.html?&qsearchterm=ETH,6/7/2022 8:57:02 AM ET
China and Europe are leading the push to regulate A.I. — one of them could ...,https://www.cnbc.com/2022/05/26/china-and-europe-are-leading-the-push-to-regulate-ai.html?&qsearchterm=ETH,5/26/2022 12:38:13 AM ET
"Powell says lowering inflation will involve some pain, and why Dan Nathan’s buying again",https://www.cnbc.com/video/2022/05/12/powell-says-lowering-inflation-will-involve-some-pain-and-why-dan-nathans-buying-again.html?&qsearchterm=ETH,5/12/2022 5:52:13 PM ET
"Nvidia didn’t tell investors enough about effects of crypto mining on its business, SEC says",https://www.cnbc.com/2022/05/06/nvidia-sec-reach-deal-on-cryptocurrency-disclosures-in-2017.html?&qsearchterm=ETH,5/6/2022 12:41:17 PM ET
Thousands of ethereum coders bring their grunge-hacker vibe to Denver,https://www.cnbc.com/2022/02/24/ethdenver-2022-thousands-of-ethereum-coders-work-and-party-in-denver.html?&qsearchterm=ETH,2/24/2022 9:00:01 AM ET
NFT marketplace OpenSea is investigating a phishing hack,https://www.cnbc.com/2022/02/20/nft-marketplace-opensea-is-investigating-a-phishing-hack.html?&qsearchterm=ETH,2/20/2022 4:25:22 PM ET
More than $320 million stolen in latest apparent crypto hack,https://www.cnbc.com/2022/02/02/320-million-stolen-from-wormhole-bridge-linking-solana-and-ethereum.html?&qsearchterm=ETH,2/2/2022 9:07:53 PM ET
"NFT-based money laundering ‘jumped significantly’ in 2021—but it’s still a small part of the market, ...",https://www.cnbc.com/2022/02/02/chainalysis-nft-money-laundering-jumped-significantly-in-2021.html?&qsearchterm=ETH,2/2/2022 4:41:03 PM ET
Jack Dorsey blocked on Twitter by Marc Andreessen after Web3 comments,https://www.cnbc.com/2021/12/23/jack-dorsey-blocked-by-marc-andreessen-on-twitter-after-web3-comments.html?&qsearchterm=ETH,12/23/2021 9:45:57 AM ET
"Millennials and Gen Z are planning to spend thousands on cryptocurrency, NFTs and metaverse land ...",https://www.cnbc.com/2021/12/15/millennials-gen-z-plan-to-spend-thousands-crypto-nfts-metaverse-land-as-holiday-gifts.html?&qsearchterm=ETH,12/15/2021 11:40:54 AM ET
Mark Cuban says that bitcoin will be ‘the safe haven of crypto’ with one ’huge ...,https://www.cnbc.com/2021/10/18/mark-cuban-bitcoin-will-be-safe-haven-of-crypto-with-one-advantage.html?&qsearchterm=ETH,10/18/2021 12:21:39 PM ET
"Senator Cynthia Lummis discloses a bitcoin purchase worth up to $100,000",https://www.cnbc.com/2021/10/07/senator-cynthia-lummis-discloses-a-bitcoin-purchase-worth-up-to-100000.html?&qsearchterm=ETH,10/7/2021 6:43:38 PM ET
"What is cryptocurrency? Here’s what you need to know about blockchain, coins and more",https://www.cnbc.com/select/what-is-cryptocurrency/?&qsearchterm=ETH,9/22/2021 11:28:40 AM ET
"Bitcoin rises this week to $51,000, highest since May",https://www.cnbc.com/2021/09/03/bitcoin-rises-this-week-to-51000-highest-since-may.html?&qsearchterm=ETH,9/3/2021 4:57:33 PM ET
"A fake Banksy NFT sold for more than $300,000. Then the buyer got his money ...",https://www.cnbc.com/2021/09/01/banksy-website-promotes-fake-nft-in-apparent-hack.html?&qsearchterm=ETH,9/1/2021 7:45:05 AM ET
Ethan Allen CEO says he expects furniture production backlogs to be resolved in four to ...,https://www.cnbc.com/2021/08/10/ethan-allen-ceo-says-he-expects-furniture-backlogs-to-end-in-four-to-six-months.html?&qsearchterm=ETH,8/10/2021 6:12:40 PM ET
The world’s second-biggest cryptocurrency is rallying more than bitcoin,https://www.cnbc.com/2021/08/05/why-ethereum-is-surging-more-than-bitcoin.html?&qsearchterm=ETH,8/5/2021 4:33:34 AM ET
Some crypto accounts now promise high-yield interest. What investors need to know,https://www.cnbc.com/2021/06/20/some-crypto-accounts-now-promise-high-yield-interest-what-investors-need-to-know.html?&qsearchterm=ETH,6/20/2021 7:46:56 AM ET
Ethereum is outperforming bitcoin. Morgan Stanley thinks it knows why,https://www.cnbc.com/2021/06/17/ethereum-is-outperforming-bitcoin-morgan-stanley-thinks-it-knows-why.html?&qsearchterm=ETH,6/16/2021 8:25:43 PM ET
Mark Cuban: What I look at when comparing blockchains like bitcoin and ethereum,https://www.cnbc.com/2021/05/28/how-mark-cuban-compares-blockchains-like-bitcoin-and-ethereum.html?&qsearchterm=ETH,5/28/2021 4:03:17 PM ET
Dogecoin falls 15% to below 40 cents on Elon Musk’s crypto about-face,https://www.cnbc.com/2021/05/13/dogecoin-falls-15percent-to-below-40-cents-on-elon-musk-crypto-about-face.html?&qsearchterm=ETH,5/13/2021 7:59:19 AM ET
Bitcoin’s biggest rival hit a record high this week — here’s how to mine for ...,https://www.cnbc.com/2021/05/10/how-to-mine-ethereum.html?&qsearchterm=ETH,5/10/2021 12:52:58 PM ET
"Ethereum hits new record high above $3,400, extending its more than 300% rally this year",https://www.cnbc.com/2021/05/04/ethereum-eth-price-hits-record-high-above-3400.html?&qsearchterm=ETH,5/4/2021 1:23:46 AM ET
Elon Musk says bitcoin seems high after surpassing $1 trillion market cap,https://www.cnbc.com/2021/02/20/elon-musk-says-bitcoin-seems-high-after-surpassing-1-trillion-market-cap.html?&qsearchterm=ETH,2/20/2021 2:20:29 PM ET
Missed out on the bitcoin boom? There’s a new way to play the crypto craze,https://www.cnbc.com/2021/02/09/missed-out-on-bitcoin-theres-a-new-way-to-play-the-crypto-craze.html?&qsearchterm=ETH,2/9/2021 6:35:11 AM ET
Mark Cuban: I’d buy dogecoin over a lottery ticket – ’lottery tickets are worse than ...,https://www.cnbc.com/2021/02/05/mark-cuban-on-buying-cryptocurrency-dogecoin.html?&qsearchterm=ETH,2/5/2021 11:54:06 AM ET
Carbon capture technology has been around for decades — here’s why it hasn’t taken off,https://www.cnbc.com/2021/01/31/carbon-capture-technology.html?&qsearchterm=ETH,1/31/2021 11:15:01 AM ET
What to watch today: Wall Street set to start another mixed session,https://www.cnbc.com/2021/01/14/what-to-watch-today-wall-street-set-to-start-another-mixed-session.html?&qsearchterm=ETH,1/14/2021 9:38:10 AM ET
"Stocks making the biggest moves in the premarket: GameStop, Tesla, Nordstrom & more",https://www.cnbc.com/2021/01/14/stocks-making-the-biggest-moves-in-the-premarket-gamestop-tesla-nordstrom-more.html?&qsearchterm=ETH,1/14/2021 8:49:55 AM ET
Kevin O’Leary on why he won’t invest in bitcoin: It’s a ‘giant nothing-burger’,https://www.cnbc.com/2021/01/12/kevin-oleary-on-why-he-wont-invest-in-bitcoin-btc.html?&qsearchterm=ETH,1/12/2021 2:57:47 PM ET
What to watch today: Futures mixed as bank earnings kick off Q3 reporting,https://www.cnbc.com/2020/10/13/what-to-watch-today-futures-mixed-as-bank-earnings-kick-off-q3-reporting.html?&qsearchterm=ETH,10/13/2020 8:58:28 AM ET
"Stocks making the biggest moves premarket: Johnson & Johnson, Blackrock, JPMorgan Chase",https://www.cnbc.com/2020/10/13/stocks-making-the-biggest-moves-premarket-johnson-johnson-blackrock-jpmorgan-chase.html?&qsearchterm=ETH,10/13/2020 8:13:25 AM ET
A massive heat dome is hitting most of U.S. with higher than 90 degree heat ...,https://www.cnbc.com/2020/07/17/heat-wave-will-hit-most-of-us-with-90-degree-temperatures-this-week.html?&qsearchterm=ETH,7/17/2020 1:56:40 PM ET
Dow suffers worst drop since 1987 amid coronavirus fears — Cramer and others on what ...,https://www.cnbc.com/2020/03/12/coronavirus-stock-market-jim-cramer-others-on-what-to-watch.html?&qsearchterm=ETH,3/12/2020 6:44:46 PM ET
"The 10 best global universities outside of the US, according to US News & World ...",https://www.cnbc.com/2019/10/22/the-10-best-global-universities-outside-of-the-us.html?&qsearchterm=ETH,10/22/2019 4:13:24 PM ET
Major cryptocurrencies are soaring after bitcoin made its first big jump in months,https://www.cnbc.com/2019/04/03/other-major-cryptocurrencies-move-following-bitcoins-jump.html?&qsearchterm=ETH,4/2/2019 11:40:23 PM ET
Bitcoin rallies 15% to its highest level since November,https://www.cnbc.com/2019/04/02/bitcoin-rallies-14percent-to-its-highest-level-since-november-last-year.html?&qsearchterm=ETH,4/2/2019 3:34:59 AM ET
"Apple, Microsoft and Amazon could drive the market in the next wave of earnings",https://www.cnbc.com/2019/01/25/apple-microsoft-and-amazon-are-in-the-next-wave-of-earnings-.html?&qsearchterm=ETH,1/25/2019 4:39:30 PM ET
This dog-like robot can perform inspections and work in isolated locations without the help of ...,https://www.cnbc.com/2018/12/21/anybotics-anymal-robot-can-perform-tasks-without-the-help-of-a-human.html?&qsearchterm=ETH,12/21/2018 3:38:52 PM ET
Bipartisan lawmakers seek cryptocurrency rules to protect consumers and keep US competitive,https://www.cnbc.com/2018/12/06/bipartisan-lawmakers-seek-cryptocurrency-rules-to-keep-us-competitive-.html?&qsearchterm=ETH,12/6/2018 12:30:41 PM ET
Bitcoin market cap falls below $100 billion for first time since October 2017,https://www.cnbc.com/2018/11/15/bitcoin-market-cap-falls-below-100-billion-for-first-time-since-2017.html?&qsearchterm=ETH,11/14/2018 10:31:19 PM ET
"Beaten-down cryptocurrency ether is about to ‘rally strongly,’ says Wall Street’s Tom Lee",https://www.cnbc.com/2018/09/27/beaten-down-cryptocurrency-ether-is-staging-a-comeback-fundstrats-tom-lee-says.html?&qsearchterm=ETH,9/27/2018 2:49:29 PM ET
"Cryptocurrency ether plunges again, decoupling from bitcoin",https://www.cnbc.com/2018/09/12/cryptocurrency-ether-plunges-again-decoupling-from-bitcoin.html?&qsearchterm=ETH,9/12/2018 12:16:28 PM ET
"Ether plunges more than bitcoin, frustrating investors who believed it was the better alternative",https://www.cnbc.com/2018/09/06/ether-was-hyped-as-the-better-more-useful-version-of-bitcoin-but-some-investors-have-run-out-of-patience.html?&qsearchterm=ETH,9/6/2018 2:40:57 PM ET
Cryptocurrencies collapse after report Goldman is rolling back trading desk plans,https://www.cnbc.com/2018/09/06/bitcoin-other-cryptocurrencies-plunge-after-report-on-goldman-plans.html?&qsearchterm=ETH,9/5/2018 11:24:51 PM ET
Bitcoin spikes almost $400 in an hour to a two-week high,https://www.cnbc.com/2018/08/22/bitcoin-price-spikes-almost-400-in-an-hour-to-a-two-week-high.html?&qsearchterm=ETH,8/22/2018 6:35:13 AM ET
The 10 best universities in the world,https://www.cnbc.com/2018/06/11/the-10-best-universities-in-the-world.html?&qsearchterm=ETH,6/11/2018 12:50:20 PM ET
35. Duolingo,https://www.cnbc.com/2018/05/22/duolingo-2018-disruptor-50.html?&qsearchterm=ETH,5/22/2018 6:00:00 AM ET
Wall Street still loves Nvidia despite chipmaker’s prediction of plunging cryptomining sales,https://www.cnbc.com/2018/05/11/wall-street-still-loves-nvidia-despite-chipmakers-prediction-of-plunging-crypto-mining-sales.html?&qsearchterm=ETH,5/11/2018 9:20:28 AM ET
"Stocks making the biggest moves premarket: MS, TXT, IBM, UAL, CSX, LUV, AMZN & more",https://www.cnbc.com/2018/04/18/stocks-making-the-biggest-moves-premarket-ms-txt-ibm-ual-csx-luv-amzn-more.html?&qsearchterm=ETH,4/18/2018 7:47:07 AM ET
"Stocks making the biggest moves after hours: IBM, Intuitive Surgical, United Continental & more",https://www.cnbc.com/2018/04/17/after-hours-buzz-ibm-isrg-ual-more.html?&qsearchterm=ETH,4/17/2018 5:43:20 PM ET
Be on your toes and carry a lot of cash,https://www.cnbc.com/video/2018/04/06/be-on-your-toes-and-carry-a-lot-of-cash.html?&qsearchterm=ETH,4/6/2018 6:37:41 PM ET
Cramer’s game plan: Be on your toes and carry a lot of cash,https://www.cnbc.com/video/2018/04/06/cramers-game-plan-be-on-your-toes-and-carry-a-lot-of-cash.html?&qsearchterm=ETH,4/6/2018 6:33:06 PM ET
Cramer’s game plan: Be on your toes and carry a lot of cash as market ...,https://www.cnbc.com/2018/04/06/cramers-game-plan-be-on-your-toes-and-carry-cash-as-market-whipsaws.html?&qsearchterm=ETH,4/6/2018 6:11:16 PM ET
"Stocks making the biggest moves after hours: Price Smart, Urban Outfitters, FirstEnergy & more",https://www.cnbc.com/2018/04/05/after-hours-buzz-psmt-urbn-fe-more.html?&qsearchterm=ETH,4/5/2018 6:08:40 PM ET
"US households owe $25 billion in taxes on cryptocurrencies, analyst Tom Lee estimates",https://www.cnbc.com/2018/04/05/wall-streets-tom-lee-predicts-massive-outflow-from-cryptocurrencies-ahead-of-tax-day.html?&qsearchterm=ETH,4/5/2018 10:34:36 AM ET
Bitcoin had its worst first quarter in history with over $119 billion wiped off its ...,https://www.cnbc.com/2018/04/03/bitcoin-price-worst-q1-2018-in-history-119-billion-value-wiped-off.html?&qsearchterm=ETH,4/3/2018 7:16:30 AM ET
"Bitcoin’s market value should fall by more than a third before year-end, Swiss researchers say",https://www.cnbc.com/2018/04/02/bitcoins-market-value-should-fall-by-more-than-a-third-before-year-end-swiss-researchers-say.html?&qsearchterm=ETH,4/2/2018 3:44:12 PM ET
Billionaire Mark Cuban says the Dallas Mavericks will accept bitcoin next season,https://www.cnbc.com/2018/01/17/mark-cuban-nbas-dallas-mavericks-will-accept-bitcoin-next-season.html?&qsearchterm=ETH,1/17/2018 12:07:54 PM ET
"How to buy XRP, one of the hottest bitcoin competitors",https://www.cnbc.com/2018/01/02/how-to-buy-ripple.html?&qsearchterm=ETH,1/2/2018 5:47:20 PM ET
"Bitcoin struggles to hold above $16,000; crypto marketplace Coinbase reports transaction delays",https://www.cnbc.com/2017/12/26/bitcoin-jumps-more-than-12-percent-to-reclaim-16000-level.html?&qsearchterm=ETH,12/26/2017 12:32:56 PM ET
"“Fast Money” final trades: BAC, ETH, and more",https://www.cnbc.com/video/2017/12/19/fast-money-final-trades-bac-eth-and-more.html?&qsearchterm=ETH,12/19/2017 6:59:00 PM ET
"Meet CryptoKitties, the $100,000 digital beanie babies epitomizing the cryptocurrency mania",https://www.cnbc.com/2017/12/06/meet-cryptokitties-the-new-digital-beanie-babies-selling-for-100k.html?&qsearchterm=ETH,12/6/2017 1:42:53 PM ET
"Retailers need to combine technology and personal service, Ethan Allen CEO says",https://www.cnbc.com/2017/11/24/retailers-need-to-combine-technology-and-personal-service-ethan-allen-ceo-says.html?&qsearchterm=ETH,11/24/2017 2:22:41 PM ET
"Stocks making the biggest moves premarket: JPM, HLF, DPZ, GOOGL & more",https://www.cnbc.com/2017/10/12/stocks-making-the-biggest-moves-premarket-jpm-hlf-dpz-googl-more.html?&qsearchterm=ETH,10/12/2017 8:29:28 AM ET
Cramer Remix: The jig is up! Signs that US oil producers could be slowing down,https://www.cnbc.com/2017/07/24/cramer-remix-the-jig-is-up-us-oil-producers-could-be-slowing-down.html?&qsearchterm=ETH,7/24/2017 7:00:34 PM ET
"Early movers: HOG, UNH, BAC, JNJ, CMA, NFLX, TSLA & more",https://www.cnbc.com/2017/07/18/early-movers-hog-unh-bac-jnj-cma-nflx-tsla-more.html?&qsearchterm=ETH,7/18/2017 8:01:11 AM ET
"After-hours Buzz: NFLX, SCSS, LMT & more",https://www.cnbc.com/2017/07/17/after-hours-buzz-nflx-scss-lmt-eth-kamn-july-earnings.html?&qsearchterm=ETH,7/17/2017 5:44:11 PM ET
Cryptocurrency exchange to credit traders for ethereum ‘flash crash’,https://www.cnbc.com/2017/06/24/cryptocurrency-exchange-to-credit-traders-for-ethereum-flash-crash.html?&qsearchterm=ETH,6/24/2017 11:03:51 AM ET
Cramer Remix: The biggest risk to the current market,https://www.cnbc.com/2017/01/30/cramer-remix-the-biggest-risk-to-the-current-market.html?&qsearchterm=ETH,1/30/2017 8:23:01 PM ET
"As a Muslim-American, I’m concerned about election rhetoric, Ethan Allen CEO says",https://www.cnbc.com/2016/11/18/as-a-muslim-american-im-concerned-about-election-rhetoric-ethan-allen-ceo-says.html?&qsearchterm=ETH,11/18/2016 1:22:07 PM ET
US no longer home to world’s top university—check out the UK instead,https://www.cnbc.com/2016/09/21/us-no-longer-home-to-worlds-top-university-check-out-the-uk-instead.html?&qsearchterm=ETH,9/21/2016 4:00:00 PM ET
Automated company raises equivalent of $120M in digital currency,https://www.cnbc.com/2016/05/17/automated-company-raises-equivalent-of-120-million-in-digital-currency.html?&qsearchterm=ETH,5/17/2016 2:34:10 AM ET
Here’s Europe’s best value for money colleges,https://www.cnbc.com/2016/03/10/heres-europes-best-value-for-money-colleges.html?&qsearchterm=ETH,3/10/2016 8:09:33 AM ET
Macy’s won’t be the only retailer facing activists,https://www.cnbc.com/2016/01/22/macys-wont-be-the-only-retailer-facing-activists.html?&qsearchterm=ETH,1/22/2016 1:38:20 PM ET
Stocks are about to take the next big test,https://www.cnbc.com/2015/10/13/stocks-are-about-to-take-the-next-big-test.html?&qsearchterm=ETH,10/13/2015 6:51:53 PM ET
Scientists make a robot that can have babies,https://www.cnbc.com/2015/08/12/scientists-make-a-robot-that-can-have-babies.html?&qsearchterm=ETH,8/12/2015 7:00:08 AM ET
"Delivering Alpha, in less than 2 minutes",https://www.cnbc.com/2015/07/16/delivering-alpha-in-less-than-2-minutes.html?&qsearchterm=ETH,7/16/2015 12:49:27 PM ET
Cramer: Mind blowing instant portfolio plays,https://www.cnbc.com/2015/07/15/cramer-mind-blowing-instant-portfolio-plays.html?&qsearchterm=ETH,7/15/2015 6:12:42 PM ET
Stock repurchases may be holding back economy: Larry Fink,https://www.cnbc.com/2015/07/15/ring-alpha-conference-to-begin-soon.html?&qsearchterm=ETH,7/15/2015 5:57:00 PM ET
Stocks close mildly lower as Greece vote looms,https://www.cnbc.com/2015/07/15/us-markets-yellen.html?&qsearchterm=ETH,7/15/2015 4:00:02 PM ET
Delivering Alpha ideas move these stocks,https://www.cnbc.com/2015/07/15/macys-shares-should-be-nearly-double-activist-smith.html?&qsearchterm=ETH,7/15/2015 3:21:20 PM ET
Cramer Remix: The one cult stock worth owning,https://www.cnbc.com/2015/05/05/cramer-remix-the-one-cult-stock-worth-owning.html?&qsearchterm=ETH,5/5/2015 7:14:19 PM ET
Why the Nasdaq isn’t worth worrying about,https://www.cnbc.com/2015/02/17/why-the-nasdaq-isnt-worth-worrying-about.html?&qsearchterm=ETH,2/17/2015 8:16:31 PM ET
US colleges produce the most billionaires,https://www.cnbc.com/2014/10/23/us-colleges-produce-the-most-billionaires.html?&qsearchterm=ETH,10/23/2014 11:06:04 PM ET
"Midday movers: Angie’s List, FedEx, Hess & more",https://www.cnbc.com/2014/10/22/midday-movers.html?&qsearchterm=ETH,10/22/2014 1:31:36 PM ET
Stocks look technically sound amid earnings barrage,https://www.cnbc.com/2013/10/22/stocks-look-technically-sound-amid-earnings-barrage.html?&qsearchterm=ETH,10/22/2013 10:23:58 PM ET
Jaw-dropping things you can make with 3-D printers,https://www.cnbc.com/2013/08/02/Jaw-dropping-things-you-can-make-with-3-D-printers.html?&qsearchterm=ETH,8/2/2013 1:15:36 AM ET
Engineers juggle objects with levitating sound waves,https://www.cnbc.com/id/100889754?&qsearchterm=ETH,7/16/2013 12:27:14 PM ET
"Earnings: Still Choppy, but Mostly Good News",https://www.cnbc.com/id/100668291?&qsearchterm=ETH,4/24/2013 9:36:09 AM ET
"Cramer: As Furniture Stock Swoons, Buy, Buy, Buy!",https://www.cnbc.com/id/100332689?&qsearchterm=ETH,12/20/2012 7:43:33 PM ET
Cramer’s Gameplan: What Matters in the Week Ahead?,https://www.cnbc.com/id/100291324?&qsearchterm=ETH,12/7/2012 7:19:06 PM ET
Restoration Hardware Shares Soar in Market Debut,https://www.cnbc.com/id/49658772?&qsearchterm=ETH,11/2/2012 4:51:14 PM ET
What Is Winning a Nobel Prize Worth?,https://www.cnbc.com/id/49341627?&qsearchterm=ETH,10/9/2012 12:02:23 PM ET
Empty Houses? Why Furniture Stocks Are Falling,https://www.cnbc.com/id/47894361?&qsearchterm=ETH,6/20/2012 4:02:25 PM ET
"Stocks to Watch: JPM, BKW, CHK & More",https://www.cnbc.com/id/47891366?&qsearchterm=ETH,6/20/2012 12:29:19 PM ET
"Stocks to Watch: GE, HON, SLB & More",https://www.cnbc.com/id/47114119?&qsearchterm=ETH,4/20/2012 7:53:26 AM ET
The Super-Entity That Rules the World,https://www.cnbc.com/id/45018010?&qsearchterm=ETH,10/24/2011 12:31:34 PM ET
Between Wall Street and Main Street: Your Guide to the Middle Market,https://www.cnbc.com/id/44760627?&qsearchterm=ETH,10/5/2011 3:01:04 PM ET
Consumer Stocks Doing Well Despite Economic Gloom,https://www.cnbc.com/id/43563593?&qsearchterm=ETH,6/28/2011 1:59:30 PM ET
